{"id":"","name":"","font_family":"iconfont","css_prefix_text":"icon-","description":"","glyphs":[{"icon_id":"108170877","name":"文件夹","font_class":"wenjianjia","unicode":"e629","unicode_decimal":58921},{"icon_id":"108170878","name":"Mail","font_class":"Mail","unicode":"e793","unicode_decimal":59283},{"icon_id":"108170879","name":"标签","font_class":"biaoqian","unicode":"e6a4","unicode_decimal":59044},{"icon_id":"108170880","name":"邮箱","font_class":"youxiang","unicode":"e6af","unicode_decimal":59055},{"icon_id":"108170881","name":"telegram","font_class":"telegram","unicode":"f245","unicode_decimal":62021},{"icon_id":"108170882","name":"MAIL","font_class":"MAIL","unicode":"e7e8","unicode_decimal":59368},{"icon_id":"108170883","name":"微博","font_class":"shejiaotubiao-42","unicode":"e647","unicode_decimal":58951}]}